{"cameraMode":{"drawMode":0,"name":"Shaded","section":"Shading Mode"},"sceneLighting":true,"audioPlay":false,"sceneViewState":{"showFog":true,"showMaterialUpdate":false,"showSkybox":true,"showFlares":true,"showImageEffects":true,"showParticleSystems":true},"in2DMode":false,"pivot":{"x":2.018345832824707,"y":3.198821544647217,"z":4.3372039794921879},"rotation":{"x":-0.28581783175468447,"y":0.20967888832092286,"z":-0.064243845641613,"w":-0.9328535199165344},"size":22.513980865478517,"orthographic":false}